target,variant,cutoff,mae_ratio
nonlocal_visitors,A0_shipped_zero,201907,0.8997299687823062
nonlocal_visitors,A0_shipped_zero,201908,2.4050171409909256
nonlocal_visitors,A0_shipped_zero,201909,6.72866202806939
nonlocal_visitors,A0_shipped_zero,201910,3.14165663550965
nonlocal_visitors,A0_shipped_zero,201911,3.335401824543058
nonlocal_visitors,A0_shipped_zero,201912,1.7911417258292888
nonlocal_visitors,A0_shipped_zero,202001,1.1988667841416496
nonlocal_visitors,A0_shipped_zero,202002,1.0667863683615058
nonlocal_visitors,A0_shipped_zero,202003,1.0849035785787204
nonlocal_visitors,A0_shipped_zero,202004,1.1850822302435804
nonlocal_visitors,A0_shipped_zero,202005,0.5886228584863854
nonlocal_visitors,A0_shipped_zero,202006,0.7786280809492081
nonlocal_visitors,A0_shipped_zero,202007,1.0387711353509785
nonlocal_visitors,A0_shipped_zero,202008,1.243220055585757
nonlocal_visitors,A0_shipped_zero,202009,0.8207320663969323
nonlocal_visitors,A0_shipped_zero,202010,1.0430492006905527
nonlocal_visitors,A0_shipped_zero,202011,0.936135862950171
nonlocal_visitors,A0_shipped_zero,202012,1.0984788062999848
nonlocal_visitors,A0_shipped_zero,202101,0.7868444643742688
nonlocal_visitors,A0_shipped_zero,202102,0.9214877699746337
nonlocal_visitors,A0_shipped_zero,202103,0.8717922886840751
nonlocal_visitors,A0_shipped_zero,202104,1.0539282535347105
nonlocal_visitors,A0_shipped_zero,202105,1.0553783379083068
nonlocal_visitors,A0_shipped_zero,202106,1.19824764963843
nonlocal_visitors,A0_shipped_zero,202107,1.3874090231514213
nonlocal_visitors,A0_shipped_zero,202108,1.563301547189885
nonlocal_visitors,A0_shipped_zero,202109,0.9162311756323473
nonlocal_visitors,A0_shipped_zero,202110,0.9739845832866324
nonlocal_visitors,A0_shipped_zero,202111,0.7214343390460519
nonlocal_visitors,A0_shipped_zero,202112,0.8187604626946238
nonlocal_visitors,A0_shipped_zero,202201,0.7586269022102122
nonlocal_visitors,A0_shipped_zero,202202,0.9351314353384856
nonlocal_visitors,A0_shipped_zero,202203,0.9288301926826156
nonlocal_visitors,A0_shipped_zero,202204,1.1439747989269458
nonlocal_visitors,A0_shipped_zero,202205,1.1953002991172779
nonlocal_visitors,A0_shipped_zero,202206,1.2779044883270874
nonlocal_visitors,A0_shipped_zero,202207,1.0036760676251546
nonlocal_visitors,A0_shipped_zero,202208,0.9832235941135965
nonlocal_visitors,A0_shipped_zero,202209,1.0090513838623347
nonlocal_visitors,A0_shipped_zero,202210,1.0396891675513953
nonlocal_visitors,A0_shipped_zero,202211,1.0588599595512986
nonlocal_visitors,A0_shipped_zero,202212,1.3627630643256414
nonlocal_visitors,A0_shipped_zero,202301,2.018268031061619
nonlocal_visitors,A0_shipped_zero,202302,1.748776120756204
nonlocal_visitors,A0_shipped_zero,202303,1.1611781419058
nonlocal_visitors,A0_shipped_zero,202304,0.883486091162868
nonlocal_visitors,A0_shipped_zero,202305,0.9542404406374898
nonlocal_visitors,A0_shipped_zero,202306,1.07821067495995
nonlocal_visitors,A0_shipped_zero,202307,0.8045385650917569
nonlocal_visitors,A0_shipped_zero,202308,0.8720107862147058
nonlocal_visitors,A0_shipped_zero,202309,0.7720684371182276
nonlocal_visitors,A0_shipped_zero,202310,1.1586297149348432
nonlocal_visitors,C2_yoy_prev_lad5,201907,0.8832576863599548
nonlocal_visitors,C2_yoy_prev_lad5,201908,1.9668626895665042
nonlocal_visitors,C2_yoy_prev_lad5,201909,1.3798954252343232
nonlocal_visitors,C2_yoy_prev_lad5,201910,0.8229222295962583
nonlocal_visitors,C2_yoy_prev_lad5,201911,2.030976415779004
nonlocal_visitors,C2_yoy_prev_lad5,201912,2.0683219626148595
nonlocal_visitors,C2_yoy_prev_lad5,202001,0.931790492999006
nonlocal_visitors,C2_yoy_prev_lad5,202002,0.9027747053902472
nonlocal_visitors,C2_yoy_prev_lad5,202003,0.832531766233775
nonlocal_visitors,C2_yoy_prev_lad5,202004,1.1243675820439245
nonlocal_visitors,C2_yoy_prev_lad5,202005,0.5249247035856752
nonlocal_visitors,C2_yoy_prev_lad5,202006,0.6305105807940847
nonlocal_visitors,C2_yoy_prev_lad5,202007,0.7255324115927058
nonlocal_visitors,C2_yoy_prev_lad5,202008,0.7975840519007814
nonlocal_visitors,C2_yoy_prev_lad5,202009,0.6072446280094898
nonlocal_visitors,C2_yoy_prev_lad5,202010,0.7988777071226745
nonlocal_visitors,C2_yoy_prev_lad5,202011,0.7650917189810894
nonlocal_visitors,C2_yoy_prev_lad5,202012,0.9104187109774595
nonlocal_visitors,C2_yoy_prev_lad5,202101,0.7348593430504066
nonlocal_visitors,C2_yoy_prev_lad5,202102,0.8595208985483394
nonlocal_visitors,C2_yoy_prev_lad5,202103,0.9036163946107156
nonlocal_visitors,C2_yoy_prev_lad5,202104,1.228830508340038
nonlocal_visitors,C2_yoy_prev_lad5,202105,1.2904174106231416
nonlocal_visitors,C2_yoy_prev_lad5,202106,1.1830048581598271
nonlocal_visitors,C2_yoy_prev_lad5,202107,1.152058597104001
nonlocal_visitors,C2_yoy_prev_lad5,202108,1.2909388333475371
nonlocal_visitors,C2_yoy_prev_lad5,202109,0.9636374090841431
nonlocal_visitors,C2_yoy_prev_lad5,202110,1.022040836943802
nonlocal_visitors,C2_yoy_prev_lad5,202111,0.7627114961188858
nonlocal_visitors,C2_yoy_prev_lad5,202112,0.6561348752237548
nonlocal_visitors,C2_yoy_prev_lad5,202201,0.6177120222815676
nonlocal_visitors,C2_yoy_prev_lad5,202202,0.7601161295005282
nonlocal_visitors,C2_yoy_prev_lad5,202203,0.7818042510270565
nonlocal_visitors,C2_yoy_prev_lad5,202204,1.0372873244247887
nonlocal_visitors,C2_yoy_prev_lad5,202205,1.2183440440377868
nonlocal_visitors,C2_yoy_prev_lad5,202206,1.2285967239984397
nonlocal_visitors,C2_yoy_prev_lad5,202207,1.0074697170623905
nonlocal_visitors,C2_yoy_prev_lad5,202208,0.9806521276842693
nonlocal_visitors,C2_yoy_prev_lad5,202209,1.0189382631324784
nonlocal_visitors,C2_yoy_prev_lad5,202210,1.0549286531276467
nonlocal_visitors,C2_yoy_prev_lad5,202211,0.9253513684449377
nonlocal_visitors,C2_yoy_prev_lad5,202212,1.1637450536223313
nonlocal_visitors,C2_yoy_prev_lad5,202301,1.6391980110386366
nonlocal_visitors,C2_yoy_prev_lad5,202302,1.4221847344578116
nonlocal_visitors,C2_yoy_prev_lad5,202303,0.9736017056338854
nonlocal_visitors,C2_yoy_prev_lad5,202304,0.8457391867618335
nonlocal_visitors,C2_yoy_prev_lad5,202305,0.9967346947228494
nonlocal_visitors,C2_yoy_prev_lad5,202306,1.0664019585886222
nonlocal_visitors,C2_yoy_prev_lad5,202307,0.7675445160715113
nonlocal_visitors,C2_yoy_prev_lad5,202308,0.7873596015715438
nonlocal_visitors,C2_yoy_prev_lad5,202309,0.7749603689354654
nonlocal_visitors,C2_yoy_prev_lad5,202310,1.1090379523586116
observed_sales_krw,A0_shipped_zero,201907,0.9492246298242076
observed_sales_krw,A0_shipped_zero,201908,2.6003395971481265
observed_sales_krw,A0_shipped_zero,201909,6.101822531694983
observed_sales_krw,A0_shipped_zero,201910,1.8893683220717223
observed_sales_krw,A0_shipped_zero,201911,2.489882786459456
observed_sales_krw,A0_shipped_zero,201912,1.4218375426089498
observed_sales_krw,A0_shipped_zero,202206,1.0984777439759872
observed_sales_krw,A0_shipped_zero,202207,0.9867205907007307
observed_sales_krw,A0_shipped_zero,202208,1.0851788483418554
observed_sales_krw,A0_shipped_zero,202209,0.9765889295683221
observed_sales_krw,A0_shipped_zero,202210,1.0903464329211148
observed_sales_krw,A0_shipped_zero,202211,0.8537067715694747
observed_sales_krw,A0_shipped_zero,202212,0.9455555765633348
observed_sales_krw,A0_shipped_zero,202301,0.8860788884818451
observed_sales_krw,A0_shipped_zero,202302,1.0390114974438238
observed_sales_krw,A0_shipped_zero,202303,0.8948560034789269
observed_sales_krw,A0_shipped_zero,202304,0.8932061845875714
observed_sales_krw,A0_shipped_zero,202305,1.0853198223680762
observed_sales_krw,A0_shipped_zero,202306,0.7793149587809953
observed_sales_krw,A0_shipped_zero,202307,0.8486060101703798
observed_sales_krw,A0_shipped_zero,202308,1.179259440722502
observed_sales_krw,A0_shipped_zero,202309,1.1236172180145003
observed_sales_krw,A0_shipped_zero,202310,1.2876524906215734
observed_sales_krw,A0_shipped_zero,202311,1.1545223607073676
observed_sales_krw,A0_shipped_zero,202312,1.28689664028694
observed_sales_krw,C2_yoy_prev_lad5,201907,0.9508566975225643
observed_sales_krw,C2_yoy_prev_lad5,201908,2.0592931930156513
observed_sales_krw,C2_yoy_prev_lad5,201909,1.2533120201337322
observed_sales_krw,C2_yoy_prev_lad5,201910,0.8657247390368102
observed_sales_krw,C2_yoy_prev_lad5,201911,1.6520324995940823
observed_sales_krw,C2_yoy_prev_lad5,201912,1.147524924741289
observed_sales_krw,C2_yoy_prev_lad5,202206,1.0604824475812822
observed_sales_krw,C2_yoy_prev_lad5,202207,0.954621139085297
observed_sales_krw,C2_yoy_prev_lad5,202208,0.8362325705981112
observed_sales_krw,C2_yoy_prev_lad5,202209,0.8862053258995993
observed_sales_krw,C2_yoy_prev_lad5,202210,0.8748555195153787
observed_sales_krw,C2_yoy_prev_lad5,202211,0.7675144756563189
observed_sales_krw,C2_yoy_prev_lad5,202212,0.8675879752284278
observed_sales_krw,C2_yoy_prev_lad5,202301,0.9284158350962111
observed_sales_krw,C2_yoy_prev_lad5,202302,0.9316639693155518
observed_sales_krw,C2_yoy_prev_lad5,202303,0.7835219324370022
observed_sales_krw,C2_yoy_prev_lad5,202304,0.7694573497500993
observed_sales_krw,C2_yoy_prev_lad5,202305,0.8334785441051987
observed_sales_krw,C2_yoy_prev_lad5,202306,0.703171642094822
observed_sales_krw,C2_yoy_prev_lad5,202307,0.7325106475770026
observed_sales_krw,C2_yoy_prev_lad5,202308,0.9553201547209089
observed_sales_krw,C2_yoy_prev_lad5,202309,1.0320627554353432
observed_sales_krw,C2_yoy_prev_lad5,202310,1.0518042734582849
observed_sales_krw,C2_yoy_prev_lad5,202311,0.9659841900808166
observed_sales_krw,C2_yoy_prev_lad5,202312,0.9787723222444231
